{
  "algorithm": "numpy_ridge_regression",
  "features": [
    "cycle",
    "operational_setting_1",
    "operational_setting_2",
    "operational_setting_3",
    "sensor_signal_mean",
    "sensor_signal_std",
    "cycle_progress"
  ],
  "weights": [
    123.9545399999999,
    42.79187940729761,
    -7.195280164483666,
    -3.7309154585946,
    11.978475888139807,
    9.591247890520343,
    -26.971207250620594,
    -106.89620787594254
  ],
  "mean": [
    124.7268,
    17.382974196000003,
    0.414180038,
    95.7736,
    1368.7753899812383,
    2470.172616247233,
    0.5016455368688714
  ],
  "std": [
    84.641080107475,
    16.540321260976707,
    0.3679736137612567,
    12.296078360192732,
    70.50758259880837,
    61.588459893878934,
    0.28798416131242965
  ],
  "hyperparameters": {
    "l2": 10.0
  },
  "model_id": "cmapss_rul_v1",
  "created_at": "2026-07-22T08:29:54.171905+00:00",
  "metrics": {
    "mae": 22.6587,
    "rmse": 34.5117,
    "r2": 0.804
  }
}