{
  "algorithm": "numpy_logistic_regression",
  "features": [
    "air_temperature_k",
    "process_temperature_k",
    "rotational_speed_rpm",
    "torque_nm",
    "tool_wear_min",
    "temperature_delta_k",
    "power_proxy"
  ],
  "weights": [
    -3.210393921695583,
    0.12723426834863658,
    -0.003278936236740397,
    0.3696633826837837,
    0.5091740244701664,
    0.30734618019906024,
    -0.26015849050279427,
    0.35687205045684534
  ],
  "mean": [
    300.0197489435744,
    310.0133855331842,
    1539.1744966442952,
    40.01190653740989,
    108.66766094954015,
    9.993636589609746,
    6283.458018454372
  ],
  "std": [
    2.0047381078440796,
    1.4841397140389037,
    180.55189545078562,
    10.018525094050462,
    63.88780337441053,
    0.9991516531657569,
    1072.5959298173948
  ],
  "hyperparameters": {
    "lr": 0.1,
    "epochs": 450,
    "threshold": 0.15
  },
  "model_id": "equipment_failure_ai4i_v1",
  "created_at": "2026-07-22T08:29:53.987150+00:00",
  "metrics": {
    "accuracy": 0.9626,
    "precision": 0.4,
    "recall": 0.3175,
    "f1": 0.354,
    "confusion_matrix": {
      "tn": 1861,
      "fp": 30,
      "fn": 43,
      "tp": 20
    },
    "threshold": 0.15
  }
}