{
  "algorithm": "numpy_logistic_regression",
  "features": [
    "hospitalized",
    "amputation",
    "loss_of_eye",
    "narrative_len",
    "has_amputation_word",
    "has_fall_word"
  ],
  "weights": [
    -1.5627892120642135,
    -0.7551937265658036,
    2.1589739501008944,
    0.11162781564011767,
    0.08343880960086898,
    0.7167519225590739,
    -0.23833321372197663
  ],
  "mean": [
    0.8164701136606317,
    0.2638753766936383,
    0.00030847353059820136,
    199.15276558384548,
    0.373893647818143,
    0.37298009159290985
  ],
  "std": [
    0.4042517810794997,
    0.44108234582561445,
    0.01756070541519109,
    92.87272760406688,
    0.48383591013832933,
    0.4835968805402434
  ],
  "hyperparameters": {
    "threshold": 0.2
  },
  "model_id": "incident_high_severity_v1",
  "created_at": "2026-07-22T08:29:55.309018+00:00",
  "metrics": {
    "accuracy": 0.9934,
    "precision": 1.0,
    "recall": 0.9756,
    "f1": 0.9876,
    "confusion_matrix": {
      "tn": 15341,
      "fp": 0,
      "fn": 139,
      "tp": 5552
    },
    "threshold": 0.2
  }
}