{
  "algorithm": "numpy_logistic_regression",
  "features": [
    "annual_average_employees",
    "total_hours_worked",
    "total_injuries",
    "total_deaths",
    "total_dafw_cases",
    "total_djtr_cases",
    "total_case_rate",
    "dart_rate",
    "inspection_compliance_score"
  ],
  "weights": [
    -1.4587845358498208,
    -0.012320738119732517,
    -0.03726458344736574,
    -0.08305464480457454,
    -0.009009313210602976,
    0.20687785681289445,
    0.20969085406452068,
    0.05282395189383185,
    0.05827259862244648,
    -2.02643556522716
  ],
  "mean": [
    291.39804390802203,
    459255.641223598,
    2.928644261783373,
    0.002413900738736864,
    1.0080948912704193,
    0.8442409738840911,
    8.723809156175216,
    5.937800104047446,
    93.71720195609197
  ],
  "std": [
    16644.46683012541,
    19907813.116945405,
    10.325013112286232,
    0.05114849668593211,
    3.7980709391689143,
    3.3607041530486486,
    315.0400390758002,
    260.1142763834351,
    12.293822610600742
  ],
  "hyperparameters": {
    "threshold": 0.32499999999999996
  },
  "model_id": "osha_compliance_review_v1",
  "created_at": "2026-07-22T08:29:55.615902+00:00",
  "metrics": {
    "accuracy": 0.9849,
    "precision": 0.9461,
    "recall": 0.9797,
    "f1": 0.9626,
    "confusion_matrix": {
      "tn": 9450,
      "fp": 132,
      "fn": 48,
      "tp": 2315
    },
    "threshold": 0.32499999999999996
  }
}