{
  "algorithm": "numpy_logistic_regression",
  "features": [
    "sensor_missing_rate",
    "process_signal_mean",
    "process_signal_std",
    "process_sensor_000",
    "process_sensor_001",
    "process_sensor_002",
    "process_sensor_003",
    "process_sensor_004",
    "process_sensor_005",
    "process_sensor_006",
    "process_sensor_007",
    "process_sensor_008",
    "process_sensor_009",
    "process_sensor_010",
    "process_sensor_011",
    "process_sensor_012",
    "process_sensor_013",
    "process_sensor_014",
    "process_sensor_015",
    "process_sensor_016",
    "process_sensor_017",
    "process_sensor_018",
    "process_sensor_019"
  ],
  "weights": [
    -2.4852001911088366,
    -0.05950102906640025,
    0.1071145634126485,
    -0.17466001352424032,
    -0.06897966907551034,
    -0.004479012516361683,
    0.06070808295967092,
    -0.04598452549716301,
    -0.05187798081568997,
    0.0,
    0.04912378834183826,
    0.026001862837843635,
    0.022686031223935654,
    -0.09372835888447785,
    0.11944063498255954,
    -0.08932110096916383,
    -0.03301719830684989,
    0.0,
    -0.1828416746458031,
    -0.002870042346665902,
    -0.014973207923218481,
    0.03629726855221629,
    -0.023583449063591645,
    0.09511932159166003
  ],
  "mean": [
    0.045517227564102564,
    86.89202513999028,
    706.8580708843259,
    3013.4287419871794,
    2494.3887580128203,
    2199.9379959935895,
    1396.2719048076922,
    4.8982112179487185,
    100.0,
    100.9292061698718,
    0.12164006410256412,
    1.4626782852564102,
    -0.0007645032051282051,
    -1.5625000000000068e-05,
    0.9641259615384615,
    199.9666390224359,
    0.0,
    9.01128717948718,
    413.24511001602565,
    9.922595793269231,
    0.9713084134615385,
    190.04133509615386,
    12.480193349358975
  ],
  "std": [
    0.02319090504073679,
    22.21545082392991,
    205.14095799672737,
    73.08443825030686,
    79.35895897585544,
    29.8564340446427,
    433.6908204726956,
    62.82545081590769,
    1.0,
    5.993825020293487,
    0.009957299731584303,
    0.07272721822300843,
    0.014830885822243579,
    0.009291072418871157,
    0.013025530245560366,
    3.424031960070089,
    1.0,
    2.7759402891319582,
    18.769927051948088,
    2.679519542579759,
    0.01306461143095615,
    2.8388532378571423,
    0.22842834803968787
  ],
  "hyperparameters": {
    "lr": 0.05,
    "epochs": 650,
    "threshold": 0.1
  },
  "model_id": "secom_quality_failure_v1",
  "created_at": "2026-07-22T08:29:54.218209+00:00",
  "metrics": {
    "accuracy": 0.7837,
    "precision": 0.1077,
    "recall": 0.3889,
    "f1": 0.1687,
    "confusion_matrix": {
      "tn": 243,
      "fp": 58,
      "fn": 11,
      "tp": 7
    },
    "threshold": 0.1
  }
}